{
  "GenreWeights": {
    "Action": 0.80772412755716,
    "Adventure": 0.84766095066185321,
    "Avant Garde": 0.96638086642599275,
    "Award Winning": 0.99067388688327318,
    "Boys Love": 0.99330625752105894,
    "Comedy": 0.72499247894103491,
    "Drama": 0.89038056558363421,
    "Ecchi": 0.96969013237063784,
    "Erotica": 0.99721720818291215,
    "Fantasy": 0.78313026474127556,
    "Girls Love": 0.99590102286401927,
    "Gourmet": 0.99334386281588449,
    "Hentai": 0.94268953068592054,
    "Horror": 0.97909145607701564,
    "Mystery": 0.965440734055355,
    "Romance": 0.92415012033694344,
    "Sci-Fi": 0.87740673886883269,
    "Slice of Life": 0.93862815884476536,
    "Sports": 0.97123194945848379,
    "Supernatural": 0.94355445246690739,
    "Suspense": 0.98540914560770154
  },
  "ThemeWeights": {
    "Adult Cast": 0.97683513838748492,
    "Anthropomorphic": 0.96235709987966311,
    "CGDCT": 0.99078670276774972,
    "Childcare": 0.99740523465703967,
    "Combat Sports": 0.99657791817087849,
    "Crossdressing": 0.99808212996389889,
    "Delinquents": 0.99733002406738869,
    "Detective": 0.98856799037304455,
    "Educational": 0.98950812274368227,
    "Gag Humor": 0.99078670276774972,
    "Gore": 0.99026022864019259,
    "Harem": 0.98225030084235865,
    "High Stakes Game": 0.99811973525872444,
    "Historical": 0.94122292418772568,
    "Idol (Female)": 0.7,
    "Idol (Male)": 0.7,
    "Isekai": 0.98627406738868828,
    "Iyashikei": 0.993456678700361,
    "Love Polygon": 0.99631468110709986,
    "Magical Sex Shift": 0.99887184115523464,
    "Mahou Shoujo": 0.98732701564380265,
    "Martial Arts": 0.97645908543922988,
    "Mecha": 0.9524669073405535,
    "Medical": 0.99815734055355,
    "Military": 0.97322503008423589,
    "Music": 0.83329572803850782,
    "Mythology": 0.97518050541516244,
    "Organized Crime": 0.996465102286402,
    "Otaku Culture": 0.99612665463297234,
    "Parody": 0.97104392298435616,
    "Performing Arts": 0.99560018050541521,
    "Pets": 0.99544975932611313,
    "Psychological": 0.98398014440433212,
    "Racing": 0.99044825511432011,
    "Reincarnation": 0.994998495788207,
    "Reverse Harem": 0.99710439229843562,
    "Romantic Subtext": 0.99796931407942235,
    "Samurai": 0.99104993983152823,
    "School": 0.92219464500601689,
    "Showbiz": 0.99838297232250306,
    "Space": 0.97623345367027681,
    "Strategy Game": 0.98762785800240671,
    "Super Power": 0.97311221419975935,
    "Survival": 0.9972548134777377,
    "Team Sports": 0.98837996389891691,
    "Time Travel": 0.99473525872442836,
    "Vampire": 0.9936823104693141,
    "Video Game": 0.99435920577617332,
    "Visual Arts": 0.99657791817087849,
    "Workplace": 0.99244133574007221,
    "Idols (Female)": 1.0,
    "Idols (Male)": 1.0
  }
}